orgnr,company_name,rank,is_fit_for_nivo,fit_confidence,blended_score,business_type,operating_model,reason_summary,triage_official_url,llm_triage_at
556458-3051,Kafab Förpackning Aktiebolag,22,true,0.8,84.1885,product_company,manufacturer,"Kafab Förpackning is a manufacturer of packaging solutions, indicating a strong product focus with potential for repeat purchases. Its comprehensive service offerings enhance its market position.",https://frontpac.com,2026-03-25 15:36:09.189052+00:00
556690-1285,Galdax AB,31,true,0.8,83.6538,product_company,manufacturer,"Galdax AB manufactures eco-friendly truck tires, indicating a strong product focus with a niche market. Their production of retreaded tires suggests repeat purchases.",https://www.galdax.se,2026-03-25 15:36:09.189052+00:00
556343-7200,Talurit Aktiebolag,32,true,0.8,83.4973,product_company,manufacturer,"Talurit specializes in wire rope equipment, indicating a strong product focus with potential for repeat purchases. Their long-standing industry presence enhances credibility.",https://www.talurit.com,2026-03-25 15:36:09.189052+00:00
556295-4569,Umlax Aktiebolag,54,true,0.8,82.2886,product_company,manufacturer,"Umlax Aktiebolag is a leading producer of mountain char with a focus on research and business, indicating a strong product-led model. They have a significant workforce and multiple facilities, suggesting scalability and differentiation in their niche market.",https://umlax.se/,2026-03-25 15:36:09.189052+00:00
556314-8153,Comex Electronics Aktiebolag,71,true,0.8,81.9287,product_company,manufacturer,"Comex Electronics Aktiebolag specializes in high-security IT solutions for defense and government sectors, indicating a strong product focus and high differentiation. Their comprehensive offerings and established reputation suggest scalability and potential for repeat business.",https://www.comex.se/,2026-03-25 15:36:09.189052+00:00
556371-8526,Norteam AB,92,true,0.8,81.4224,product_company,software,"Norteam AB focuses on cloud-based IT solutions, leveraging Microsoft technologies. Their emphasis on tailored solutions and IT support indicates a product-led approach.",https://www.norteam.se,2026-03-25 15:36:09.189052+00:00
556546-2206,Reason Studios Aktiebolag,107,true,0.8,81.1327,product_company,software,"Reason Studios develops a comprehensive music production software called Reason, which functions as a virtual rack for creating music. This indicates a strong product focus and potential for repeat purchases.",https://www.reasonstudios.com,2026-03-25 15:36:09.189052+00:00
556472-5447,Cegeka Applications AB,124,true,0.8,80.8603,product_company,software,"Cegeka is an IT company offering various technology solutions, indicating a strong product focus with potential for repeat purchases and scalability.",https://www.cegeka.com,2026-03-25 15:36:09.189052+00:00
556076-0497,MEMO AB,144,true,0.8,80.3305,product_company,manufacturer,"MEMO AB manufactures specialized plastic components for industrial products, indicating a strong product focus and potential for repeat purchases.",https://memo.se,2026-03-25 15:36:09.189052+00:00
556455-8244,GMV Sweden Aktiebolag,175,true,0.8,79.6651,product_company,manufacturer,"GMV Sweden AB is a manufacturer of elevators and components, indicating a strong product focus and potential for repeat purchases.",https://www.gmv.se,2026-03-25 15:36:09.189052+00:00
556198-1308,Busch Pfeiffer Vacuum AB,177,true,0.8,79.6429,product_company,manufacturer,"Busch Pfeiffer Vacuum AB specializes in vacuum pumps and systems, indicating a strong product-led business model with high differentiation and repeat purchase potential.",https://www.buschvacuum.com/se/sv/,2026-03-25 15:36:09.189052+00:00
556132-1745,Fillauer Europe AB,199,true,0.8,79.3084,product_company,manufacturer,"Fillauer Europe AB specializes in innovative orthotic and prosthetic products, indicating a strong product focus and differentiation in the healthcare sector.",https://fillauer.com,2026-03-25 15:36:09.189052+00:00
556762-5495,Panthera AB,214,true,0.8,79.0494,product_company,manufacturer,"Panthera AB manufactures lightweight wheelchairs and offers a range of products, indicating a strong product focus. They also distribute specific back systems, which supports a differentiated business model.",https://www.panthera.se,2026-03-25 15:36:09.189052+00:00
556924-1671,Pelago Bioscience AB,234,true,0.8,78.7033,product_company,manufacturer,"Pelago Bioscience offers a unique CETSA® technology used in drug development, indicating a strong product focus and repeat business with major pharmaceutical clients.",https://www.pelagobio.com,2026-03-25 15:36:09.189052+00:00
556629-8203,Traryds Metall AB,243,true,0.8,78.5666,product_company,manufacturer,"Traryds Metall AB is a manufacturer of precision components in brass and other metals, offering products like valves and couplings. Their focus on high quality and customization indicates a strong product-led business model.",https://www.trarydsmetall.se,2026-03-25 15:36:09.189052+00:00
556108-9284,Hammarplast Medical Aktiebolag,244,true,0.8,78.5617,product_company,manufacturer,"Hammarplast Medical is a leading manufacturer of medical technology products and packaging solutions, focusing on quality and innovation for healthcare needs. Their product range includes disposable items, indicating a strong repeat purchase model.",https://hpm.se,2026-03-25 15:36:09.189052+00:00
556527-9279,Olsbergs Electronics AB,246,true,0.8,78.5158,product_company,manufacturer,"Olsbergs Electronics AB manufactures electronic control systems for mobile hydraulics, focusing on innovation and user-friendliness. Their specialized products indicate a strong niche and potential for repeat business.",https://www.olsbergs.com,2026-03-25 15:36:09.189052+00:00
556509-0148,Swedish Oat Fiber Aktiebolag,248,true,0.8,78.4895,product_company,manufacturer,"Swedish Oat Fiber is a leading supplier of unique oat products, indicating a strong product-led business model with high differentiation and repeat purchase potential across various industries.",https://www.swedishoatfiber.se,2026-03-25 15:36:09.189052+00:00
556035-5926,Aktiebolaget Cernelle.,258,true,0.8,78.3988,product_company,manufacturer,"Cernelle specializes in medical pollen extracts, indicating a strong product-led focus with high differentiation and repeat purchase potential due to pharmaceutical applications.",https://cernelle.eu,2026-03-25 15:36:09.189052+00:00
556193-7086,"KAMI, Kalix Mekaniska Industrier Aktiebolag",263,true,0.8,78.3433,product_company,manufacturer,"KAMI manufactures specialized profiled sheet metal roofs, indicating a strong product focus with high differentiation and potential for repeat purchases in construction.",https://kami.se,2026-03-25 15:36:09.189052+00:00
556488-5720,Actil Warehouse Trucks AB,270,true,0.8,78.2891,product_company,manufacturer,"Actil Warehouse Trucks manufactures warehouse equipment, indicating a strong product focus with high differentiation and potential for repeat purchases in logistics.",https://actil.se,2026-03-25 15:36:09.189052+00:00
556622-6444,MARIA ÅKERBERG AB,279,true,0.8,78.1803,product_company,brand_owner,"MARIA ÅKERBERG AB offers a range of natural skincare products, emphasizing natural ingredients and repeat purchases. Their diverse product line includes cosmetics and health supplements, indicating a strong brand presence.",https://mariaakerberg.com,2026-03-25 15:36:09.189052+00:00
556816-5426,Bluebeam AB,408,true,0.8,76.699,product_company,software,"Bluebeam offers software solutions for the construction industry, indicating a strong product-led business model with high differentiation and scalability.",https://www.bluebeam.com/,2026-03-25 15:36:09.189052+00:00
556767-5672,BGFIX AB,419,true,0.8,76.6029,product_company,manufacturer,"BGFIX AB is a leading supplier of area protection and fencing solutions in Scandinavia, offering a wide range of high-quality products. Their focus on quality and safety enhances their market position.",https://www.bgfix.se/,2026-03-25 15:36:09.189052+00:00
556353-7512,Hagaberg Industrier AB,431,true,0.8,76.4485,product_company,manufacturer,"Hagaberg Industrier AB is a world-leading manufacturer of fork spreaders and related systems, emphasizing unique design and functionality, which aligns well with Nivo's investment focus.",https://www.hagaberg.com,2026-03-25 15:36:09.189052+00:00
556726-9278,Biotech Fluidics AB,434,true,0.8,76.379,product_company,manufacturer,"Biotech Fluidics AB specializes in high-precision liquid management products for various applications, indicating a strong product focus and differentiation. Their expertise in multiple fields supports a scalable business model.",https://www.biotechfluidics.com,2026-03-25 15:36:09.189052+00:00
556854-5106,pour-tech AB,461,true,0.8,76.1466,product_company,manufacturer,"pour-tech AB specializes in automated casting systems for iron foundries, offering customized solutions that integrate technology and engineering. Their products indicate a strong differentiation and a high level of automation.",https://pour-tech.com,2026-03-25 15:36:09.189052+00:00
556773-4784,Neoventa Medical AB,468,true,0.8,75.9946,product_company,manufacturer,"Neoventa Medical AB provides complete fetal monitoring systems and training, indicating a specialized product offering in the medical field with a focus on improving outcomes.",https://www.neoventa.com,2026-03-25 15:36:09.189052+00:00
556657-5535,Rehobot Hydraulics AB,99,true,0.75,78.2977,product_company,manufacturer,"Rehobot Hydraulics AB develops and manufactures hydraulic products, showcasing strong innovation and a focus on high-quality manufacturing. Their market leadership in hydraulics indicates a solid product-led business model.",https://rehobot.eu,2026-03-25 15:36:09.189052+00:00
556457-7475,Sordin Vikmanshyttan AB,183,true,0.75,76.5598,product_company,manufacturer,"Sordin Vikmanshyttan AB manufactures hearing protection products, indicating a strong product focus with potential for repeat purchases and differentiation.",https://sordin.com,2026-03-25 15:36:09.189052+00:00
556780-7358,Watt Heating AB,227,true,0.75,75.8393,product_company,manufacturer,"Watt Heating AB has a strong product offering with a focus on sustainability and a large inventory, indicating a differentiated and scalable business model.",https://watt.se,2026-03-25 15:36:09.189052+00:00
559155-1154,TIQQE AB,242,true,0.75,75.5831,product_company,software,"TIQQE specializes in cloud-based solutions, indicating a strong product focus with potential for scalability and repeat business.",https://tiqqe.com,2026-03-25 15:36:09.189052+00:00
556204-5236,Auson Aktiebolag,281,true,0.75,75.1583,product_company,manufacturer,"Auson Aktiebolag manufactures and sells protective and maintenance products, including wood tar and thermal insulation. Their long history and product range suggest a solid market position.",https://www.auson.se,2026-03-25 15:36:09.189052+00:00
556917-8386,Better You AB,467,true,0.75,73.0438,product_company,brand_owner,"Better You AB offers high-quality natural dietary supplements, focusing on health and wellness. Their product offerings suggest a repeat purchase model and a commitment to quality.",https://www.betteryou.se,2026-03-25 15:36:09.189052+00:00
556283-0124,Range Servant AB,474,true,0.75,72.9573,product_company,manufacturer,"Range Servant AB specializes in high-quality equipment for golf driving ranges, indicating a strong niche with tailored solutions and potential for repeat business.",https://www.rangeservant.com,2026-03-25 15:36:09.189052+00:00
556437-9427,Nordic door Aktiebolag,41,true,0.7,76.8922,product_company,manufacturer,"Nordic Door is a large door manufacturer, indicating a strong product focus with potential for repeat purchases through retail channels.",http://www.nordicdoor.no,2026-03-25 15:36:09.189052+00:00
556477-8164,VEIDEC AB,52,true,0.7,76.3178,product_company,manufacturer,"VEIDEC AB provides high-tech products for repair and maintenance, indicating a strong product focus with potential for repeat purchases.",https://www.veidec.com/se/,2026-03-25 15:36:09.189052+00:00
556464-4861,Swebolt Järfälla Aktiebolag,61,true,0.7,76.1634,product_company,manufacturer,"Swebolt Järfälla Aktiebolag offers a unique range of fasteners and tools, indicating a strong product focus. Their long-standing presence in the industry and service offerings suggest a reliable partner for various clients, enhancing their repeat purchase potential.",https://www.swebolt.se/,2026-03-25 15:36:09.189052+00:00
556444-9824,Flux AB,63,true,0.7,76.0965,product_company,manufacturer,"Flux AB specializes in innovative lighting solutions, indicating a strong product focus with potential for repeat purchases in public environments. Their own production capabilities and partnerships enhance their scalability and differentiation.",https://www.flux.nu/,2026-03-25 15:36:09.189052+00:00
556824-7588,Unimer Plast & Gummi AB,82,true,0.7,75.61,product_company,manufacturer,"Unimer Plast & Gummi AB is a manufacturer of specific components for leading industrial companies, indicating a strong product focus and potential for repeat purchases, aligning well with Nivo's criteria.",https://www.unimer.se,2026-03-25 15:36:09.189052+00:00
556864-3141,Bookmark Förlag AB,104,true,0.7,75.2477,product_company,unknown,"Bookmark Förlag AB is a book publisher with a diverse portfolio, collaborating with various authors. Their focus on high-quality literature indicates a differentiated product offering with potential for repeat purchases.",https://www.bookmarkforlag.se,2026-03-25 15:36:09.189052+00:00
556550-4866,Presona Aktiebolag,114,true,0.7,74.9708,product_company,manufacturer,"Presona manufactures high-quality balers and compactors for the recycling industry, indicating a strong product focus with potential for repeat purchases.",https://www.presona.se,2026-03-25 15:36:09.189052+00:00
556270-3024,Ricana Concept AB,121,true,0.7,74.8677,product_company,manufacturer,"Ricana Concept designs and manufactures retail concepts and shop fittings, indicating a strong product focus with potential for repeat purchases and scalability.",https://www.ricana.se,2026-03-25 15:36:09.189052+00:00
556271-2082,Ellagro Örebro AB,135,true,0.7,74.5131,product_company,manufacturer,"Ellagro operates as a production partner for technology companies, indicating a strong product-led model with high potential for repeat purchases and scalability.",https://ellagro.com,2026-03-25 15:36:09.189052+00:00
556100-1701,Mouldex Plast AB,139,true,0.7,74.4237,product_company,manufacturer,"Mouldex specializes in injection-molded plastics, indicating a strong product-led model with high potential for repeat purchases and scalability.",https://www.mouldex.se,2026-03-25 15:36:09.189052+00:00
556540-8514,Europress AB,158,true,0.7,74.1038,product_company,manufacturer,"Europress AB manufactures innovative balers and compactors for waste management, emphasizing sustainability and circular economy. Their focus on product development and repeat purchases aligns well with Nivo's criteria.",https://www.europress.se,2026-03-25 15:36:09.189052+00:00
556443-5120,Converflex Aktiebolag,164,true,0.7,73.9736,product_company,manufacturer,"Converflex Aktiebolag specializes in flexographically printed packaging, particularly for the food industry. Their established manufacturing capabilities and focus on customer-specific solutions indicate a strong product-led business model.",https://www.converflex.se,2026-03-25 15:36:09.189052+00:00
556265-5430,Carmenta Geospatial Technologies AB,171,true,0.7,73.7387,product_company,software,Carmenta Geospatial Technologies AB specializes in geospatial technology and software development for real-time visualization and analysis. Their strong product focus and scalable business model align well with Nivo's investment strategy.,https://carmenta.com,2026-03-25 15:36:09.189052+00:00
556531-3623,EH Connector AB,181,true,0.7,73.5728,product_company,manufacturer,"EH Connector AB is a manufacturer of electrical connections and custom cabling, indicating a strong product focus and potential for repeat purchases.",https://ehconnector.se,2026-03-25 15:36:09.189052+00:00
559183-1085,MORA CNC AB,201,true,0.7,73.2689,product_company,manufacturer,"MORA CNC AB focuses on advanced CNC machining and contract manufacturing, indicating a strong product offering and potential for repeat business.",https://www.nordiqongroup.com,2026-03-25 15:36:09.189052+00:00
556468-7597,AB Sundplast,220,true,0.7,72.9194,product_company,manufacturer,"AB Sundplast specializes in injection-molded plastics, offering specific products and services, indicating a solid product focus and potential for repeat purchases.",https://sundplast.se,2026-03-25 15:36:09.189052+00:00
556082-8773,Fredrik Mogensen Aktiebolag,229,true,0.7,72.8364,product_company,manufacturer,"Fredrik Mogensen AB designs and manufactures screening equipment, indicating a strong product focus and potential for repeat business in various industries.",https://www.mogensen.se/,2026-03-25 15:36:09.189052+00:00
556389-8609,Seriline Aktiebolag,237,true,0.7,72.6474,product_company,manufacturer,"Seriline provides secure identity and access solutions, indicating a product-oriented business with potential for repeat purchases.",https://www.seriline.com,2026-03-25 15:36:09.189052+00:00
556630-2245,Ambulansproduktion i Sandviken AB,269,true,0.7,72.2955,product_company,manufacturer,"The company specializes in manufacturing ambulances, indicating a product-led approach with a focus on safety and ergonomics, which could lead to repeat purchases from healthcare providers.",https://www.ambulansproduktion.se,2026-03-25 15:36:09.189052+00:00
556435-6789,Water and Laser Technology i Vansbro Aktiebolag,275,true,0.7,72.2344,product_company,manufacturer,"Waltech provides high-quality industrial solutions, indicating a strong product focus with high differentiation and potential for repeat purchases across various industries.",https://www.waltech.se,2026-03-25 15:36:09.189052+00:00
556613-1628,Jirotex Furudahlsgruppen AB,288,true,0.7,72.1011,product_company,manufacturer,"Jirotex specializes in technical textiles and industrial lamination, indicating a strong product focus with potential for repeat business across various industries.",https://www.jirotex.se,2026-03-25 15:36:09.189052+00:00
556337-6143,EVI Industries Vaggeryd AB,291,true,0.7,72.0335,product_company,manufacturer,"EVI Industries manufactures complex products from sheet metal and offers modern, environmentally friendly solutions. They have a strong focus on manufacturing and innovation, indicating a product-led business model.",https://www.eviindustries.se,2026-03-25 15:36:09.189052+00:00
556252-8652,Medela Medical Aktiebolag,307,true,0.7,71.8429,product_company,manufacturer,"Medela specializes in breastfeeding and breast pump products, indicating a strong product-led model with a focus on health and innovation. Their offerings support repeat purchases and scalability.",https://medela.se,2026-03-25 15:36:09.189052+00:00
556058-6744,ABAS Protect AB,369,true,0.7,71.2166,product_company,manufacturer,"ABAS Protect AB specializes in high-security area protection solutions, including motorized gates and fencing systems. Their products are tailored for various sectors, indicating a strong product focus and repeat purchase potential.",https://abas.se,2026-03-25 15:36:09.189052+00:00
556098-5599,Ingenjörsfirman Geotech Aktiebolag,428,true,0.7,70.4755,product_company,manufacturer,"Ingenjörsfirman Geotech AB develops and manufactures geotechnical field equipment, indicating a strong product focus and potential for repeat purchases in a specialized market.",https://geotech.se,2026-03-25 15:36:09.189052+00:00
556085-2922,Annell Ljus och Form Aktiebolag,430,true,0.7,70.4551,product_company,brand_owner,"Annell Ljus och Form Aktiebolag specializes in lighting solutions with a focus on sustainability and design, indicating a strong product offering and potential for repeat purchases.",https://www.annell.se,2026-03-25 15:36:09.189052+00:00
556804-3698,BrightCom Solutions AB,442,true,0.7,70.3333,product_company,software,"BrightCom Solutions AB focuses on business systems and integrations, indicating a strong product offering with high differentiation and scalability potential.",https://www.brightcom.se,2026-03-25 15:36:09.189052+00:00
556209-9001,INFICON AB,449,true,0.7,70.2245,product_company,manufacturer,"INFICON AB is a leading provider of innovative instruments for industrial vacuum processes, indicating a strong product focus with high differentiation and scalability.",https://www.inficon.com,2026-03-25 15:36:09.189052+00:00
556353-3230,Vaggeryds Chark AB,476,true,0.7,69.9492,product_company,manufacturer,"Vaggeryds Chark AB manufactures a variety of meat products, indicating a strong product focus with potential for repeat purchases due to consumable nature.",https://www.vaggerydschark.se,2026-03-25 15:36:09.189052+00:00
556436-1441,AGES Kulltorp AB,484,true,0.7,69.8926,product_company,manufacturer,"AGES Kulltorp AB is an industrial group specializing in precision manufacturing processes, indicating a strong product-led focus with high-quality standards.",https://www.ages.se,2026-03-25 15:36:09.189052+00:00
556076-4564,Ackurat Industriplast Aktiebolag,486,true,0.7,69.8853,product_company,manufacturer,"Ackurat Industriplast AB manufactures unique plastic components, indicating a strong product-led focus with potential for repeat business.",https://www.ackurat.se,2026-03-25 15:36:09.189052+00:00
556455-1900,Texstar AB,238,true,0.65,69.6458,product_company,manufacturer,"Texstar specializes in work and profile clothing, indicating a product-focused business with potential for repeat purchases.",https://www.texstar.se,2026-03-25 15:36:09.189052+00:00
556702-9755,EASY ONLINE STORES AB,287,true,0.65,69.1016,product_company,unknown,"EASY ONLINE STORES AB offers a wide range of printed products and promotional items, indicating a product-led model with potential for repeat purchases and scalability.",https://www.easytryck.se,2026-03-25 15:36:09.189052+00:00
556286-9858,U-nite Fasteners Technology AB,379,true,0.65,68.0596,product_company,manufacturer,"U-nite Fasteners Technology AB offers a comprehensive range of fastening products, indicating a strong focus on product differentiation and repeat purchases in the construction sector.",https://www.unitefasteners.com/,2026-03-25 15:36:09.189052+00:00
556926-2438,TreForm Packaging AB,392,true,0.65,67.831,product_company,manufacturer,"TreForm Packaging AB specializes in sustainable packaging solutions, indicating a strong product focus with high differentiation and repeat purchase potential in the food and other sectors.",https://treform.se,2026-03-25 15:36:09.189052+00:00
556709-5152,Elopak AB,459,true,0.65,67.1506,product_company,manufacturer,"Elopak AB is a global provider of packaging solutions for liquid food, indicating a strong product focus with high differentiation and scalability.",https://www.elopak.com,2026-03-25 15:36:09.189052+00:00
556499-9620,Tollco Aktiebolag,470,true,0.65,66.9869,product_company,manufacturer,"Tollco Aktiebolag offers innovative products to prevent water damage, indicating a focus on a specific niche with potential for repeat purchases.",https://www.tollco.se,2026-03-25 15:36:09.189052+00:00
556740-5443,Ledson Lights AB,1,true,0.6,76.0,product_company,manufacturer,"Ledson Lights AB offers a wide range of LED products, indicating a product-led business model with potential for repeat purchases. The focus on LED lighting suggests a differentiated niche in the market.",https://www.diodhuset.se,2026-03-25 15:36:09.189052+00:00
559076-4949,Scandia Pumps AB,2,true,0.6,75.3239,product_company,manufacturer,"Scandia Pumps AB provides customized technical solutions for water and sewage, indicating a strong product offering with potential for repeat business. Their focus on various applications suggests a differentiated market position.",https://www.scandiapumps.com,2026-03-25 15:36:09.189052+00:00
556184-6238,Aktiebolaget Kulleborn & Stenström,14,true,0.6,72.9221,product_company,manufacturer,"Kulleborn & Stenström specializes in sustainable packaging solutions, indicating a product-led business with potential for repeat purchases. Their focus on eco-friendly materials suggests a strong differentiation in the packaging market.",https://kulleborn.se,2026-03-25 15:36:09.189052+00:00
556814-8752,Tillmobil i Norden AB,15,true,0.6,72.8132,product_company,distributor,"Tillmobil i Norden AB operates as an independent broker in telecommunications, providing reliable services and products. Their focus on subscriptions and broadband indicates a product-led model with potential for repeat business.",https://www.tillmobil.se,2026-03-25 15:36:09.189052+00:00
556900-2149,Maskin System Europe AB,57,true,0.6,70.2379,product_company,software,"Maskin System Europe AB develops advanced sustainable defense technology solutions, indicating a product-led approach with a focus on innovation. Their emphasis on training and integration solutions suggests a specialized niche, although the repeat purchase potential is unclear.",https://www.mseab.se/,2026-03-25 15:36:09.189052+00:00
556282-0307,Nordic Cleanware AB,64,true,0.6,70.0483,product_company,manufacturer,"Nordic Cleanware AB provides a variety of vacuum cleaners for different applications, indicating a product-led approach with potential for repeat purchases. Their long-standing experience in the market suggests a reliable brand.",https://www.cleanware.se/,2026-03-25 15:36:09.189052+00:00
556284-4687,System Hall AB,72,true,0.6,69.8967,product_company,manufacturer,"System Hall AB focuses on automating production in the wood industry, indicating a product-led approach with tailored solutions. Their emphasis on partnerships and innovation suggests a reliable business model with potential for repeat purchases.",https://www.systemhall.com/,2026-03-25 15:36:09.189052+00:00
556145-5469,VS Truck AB,103,true,0.6,69.2535,product_company,unknown,"VS Truck AB offers a range of trucks and services, focusing on customer needs and truck economy. Their emphasis on service and maintenance indicates a product-led approach with potential for repeat purchases.",https://www.vstruck.se,2026-03-25 15:36:09.189052+00:00
559193-0671,SICE Nordics AB,128,true,0.6,68.7093,product_company,software,"SICE Nordics AB develops integrated solutions for public infrastructure, indicating a strong product-led approach with potential for repeat purchases and scalability.",https://www.sice.com,2026-03-25 15:36:09.189052+00:00
556437-9740,Industriverken i Ronneby AB,133,true,0.6,68.5408,product_company,manufacturer,"Industriverken is a manufacturer in the metalworking industry, indicating a product-led approach with potential for repeat purchases and scalability.",https://industriverken.com,2026-03-25 15:36:09.189052+00:00
556264-2362,Segers Fabriker Aktiebolag,137,true,0.6,68.4609,product_company,manufacturer,"Segers Fabriker manufactures workwear for various sectors, indicating a product-led approach with potential for repeat purchases and scalability.",https://www.segers.com,2026-03-25 15:36:09.189052+00:00
556666-8025,Brunneby Musteri AB,146,true,0.6,68.2301,product_company,brand_owner,"Brunneby Musteri produces a variety of fruit-based products, indicating a strong brand and potential for repeat purchases.",https://www.brunnebymusteri.se,2026-03-25 15:36:09.189052+00:00
556687-0639,Eboss AB,167,true,0.6,67.9243,product_company,manufacturer,"Eboss AB manufactures punched and cut products for various industries, emphasizing collaboration and tailored solutions. Their focus on manufacturing and product delivery aligns well with Nivo's investment criteria.",https://www.eboss.se,2026-03-25 15:36:09.189052+00:00
556218-6253,Itaab Trading Aktiebolag,169,true,0.6,67.8026,product_company,manufacturer,"Itaab Trading Aktiebolag designs and manufactures metal ceilings and facade solutions, focusing on innovation and sustainability. Their product-led approach and custom solutions align with Nivo's investment focus.",https://itaab.com,2026-03-25 15:36:09.189052+00:00
556402-9766,Aktiebolaget Mercatus Engineering,172,true,0.6,67.7352,product_company,manufacturer,"Aktiebolaget Mercatus Engineering designs and installs systems for purifying contaminated process fluids, emphasizing tailored solutions and long-term partnerships. Their focus on product development and repeat business aligns with Nivo's investment criteria.",https://www.mercatus.se,2026-03-25 15:36:09.189052+00:00
556234-6089,Tribotec Aktiebolag,209,true,0.6,67.1349,product_company,manufacturer,"Tribotec Aktiebolag provides sustainable solutions in rust protection and lubricants, indicating a product-focused business with potential for repeat purchases.",https://www.tribotec.se,2026-03-25 15:36:09.189052+00:00
556583-8595,Schütz Allemballage AB,212,true,0.6,67.0688,product_company,manufacturer,"Schütz Allemballage AB is a leading provider of reconditioning and sales of IBC containers, indicating a strong product focus with repeat purchase potential.",https://www.allemballage.se,2026-03-25 15:36:09.189052+00:00
556041-7254,Tjeders Industri Aktiebolag,306,true,0.6,65.8487,product_company,manufacturer,"Tjeders provides communication solutions for healthcare and industry, indicating a product-led business model. Their focus on quality and innovation supports a differentiated offering.",https://tjeders.se,2026-03-25 15:36:09.189052+00:00
556222-7313,Claessons Cykel & Motor Aktiebolag,308,true,0.6,65.8307,product_company,distributor,"Claessons Motor is a major retailer of motorcycles and accessories, indicating a product-led business model. They offer a wide range of vehicles and services, suggesting repeat purchase potential. The focus on customer experience adds to their differentiation.",https://www.claessonsmotor.se,2026-03-25 15:36:09.189052+00:00
556616-8190,Osby Mekan AB,313,true,0.6,65.8054,product_company,manufacturer,"Osby Mekan specializes in advanced contract manufacturing, indicating a strong product focus and high precision. Their modern machinery and skilled team suggest a scalable business model with potential for repeat orders.",https://npoindustrier.se,2026-03-25 15:36:09.189052+00:00
556326-7185,Westmatic i Arvika Aktiebolag,315,true,0.6,65.7461,product_company,manufacturer,"Westmatic is a leading manufacturer of washing systems for heavy vehicles, indicating a strong product focus and niche market. Their emphasis on innovation and custom solutions suggests a differentiated offering with repeat purchase potential.",https://www.westmatic.se,2026-03-25 15:36:09.189052+00:00
556573-8027,Vygon (Sweden) AB,320,true,0.6,65.6724,product_company,manufacturer,"Vygon is a global manufacturer of medical devices, indicating a strong product focus in a specialized market. Their emphasis on innovation and quality suggests a differentiated offering with high repeat purchase potential.",https://www.vygon.se,2026-03-25 15:36:09.189052+00:00
556557-6401,Böttcher Nordic AB,327,true,0.6,65.6346,product_company,manufacturer,"Böttcher Nordic AB is a leading manufacturer of elastomer-coated rollers and sleeves, indicating a strong product focus and potential for repeat purchases in technical industries.",https://www.boettcher.de,2026-03-25 15:36:09.189052+00:00
556545-6265,Eurostair Produktion Aktiebolag,339,true,0.6,65.5499,product_company,manufacturer,"Eurostair is a manufacturer of high-quality staircases, indicating a strong product focus and niche market. Their offerings suggest potential for repeat purchases in construction and renovation projects.",https://www.eurostair.com,2026-03-25 15:36:09.189052+00:00
556643-7587,Klarvik AB,340,true,0.6,65.5336,product_company,manufacturer,"Klarvik specializes in aluminum components and offers tailored solutions, indicating a strong product focus and potential for repeat business in industrial applications.",https://klarvik.se,2026-03-25 15:36:09.189052+00:00
556346-6738,Bastec AB,344,true,0.6,65.5026,product_company,software,"Bastec develops software solutions for building management, indicating a strong product focus with high differentiation and potential for repeat purchases in the B2B sector.",https://www.bastec.se,2026-03-25 15:36:09.189052+00:00
556840-5582,PMC i Strängnäs AB,347,true,0.6,65.4511,product_company,distributor,"PMC offers a range of network equipment and peripherals, indicating a product focus with potential for repeat purchases in the B2B sector.",https://b2b.koncern.eu,2026-03-25 15:36:09.189052+00:00
556956-4858,Boliden Electro AB,355,true,0.6,65.3589,product_company,manufacturer,"Boliden Electro focuses on intelligent solutions for the mining and energy sectors, indicating a product-led approach with potential for repeat purchases. The evidence supports a strong fit for Nivo.",https://www.bolidenelectro.se,2026-03-25 15:36:09.189052+00:00
556528-7264,Aktiebolaget Smålandsinredningar,365,true,0.6,65.2834,product_company,manufacturer,"Smålandsinredningar offers tailored solutions for retail interiors and has its own production, indicating a product-led approach with potential for repeat purchases. The evidence supports a strong fit for Nivo.",https://www.smalandsinredningar.se,2026-03-25 15:36:09.189052+00:00
556170-3926,Bimex Verktyg AB,366,true,0.6,65.2595,product_company,manufacturer,"Bimex Verktyg manufactures and sells tool components, indicating a product-led approach with potential for repeat purchases. The evidence supports a strong fit for Nivo.",https://www.bimex.se,2026-03-25 15:36:09.189052+00:00
556545-2298,Torverk Industrial Doors Aktiebolag,367,true,0.6,65.2516,product_company,manufacturer,"Torverk specializes in manufacturing custom industrial doors, indicating a product-led approach with a focus on durability and repeat purchases. The evidence supports a strong fit for Nivo.",https://torverk.se,2026-03-25 15:36:09.189052+00:00
556071-4288,Aktiebolaget Varmförzinkning,378,true,0.6,65.0626,product_company,manufacturer,"Aktiebolaget Varmförzinkning manufactures and sells galvanized products, indicating a strong product offering and potential for repeat business. Their long-standing family business model supports stability and reliability.",https://www.varmforzinkning.se,2026-03-25 15:36:09.189052+00:00
556106-4543,Åhmans i Åhus Aktiebolag,387,true,0.6,64.8724,product_company,manufacturer,"Åhmans i Åhus Aktiebolag specializes in manufacturing elevator interiors and components, indicating a strong product focus with potential for repeat business through partnerships with installers.",https://www.ahmans.se,2026-03-25 15:36:09.189052+00:00
556618-4510,Mabema AB,400,true,0.6,64.7559,product_company,manufacturer,"Mabema AB focuses on high-quality machine vision systems, indicating a strong product offering with potential for repeat business in demanding industrial applications.",https://mabema.com,2026-03-25 15:36:09.189052+00:00
556574-2250,Bjärefågel i Torekow AB,404,true,0.6,64.7395,product_company,manufacturer,"Bjärefågel focuses on producing climate-certified chicken, indicating a strong product-led model with ethical and sustainable practices.",https://www.bjarefagel.se/,2026-03-25 15:36:09.189052+00:00
556340-7724,Pulverlack i Hedesunda AB,420,true,0.6,64.5983,service_company,unknown,"Pulverlack i Hedesunda AB provides high-quality powder coating and aluminum processing services, emphasizing modern operations and customer service. Their focus on quality positions them well in their niche.",https://www.pulverlackhedesunda.se/,2026-03-25 15:36:09.189052+00:00
556579-1349,Skogsmateriel-Nordforest Aktiebolag,429,true,0.6,64.471,product_company,brand_owner,"Skogsmateriel-Nordforest Aktiebolag offers high-quality forestry equipment, indicating a strong brand presence and potential for repeat purchases in a specialized market.",https://www.nordforest.com,2026-03-25 15:36:09.189052+00:00
556086-1535,Bröderna Hansson H-tryck Aktiebolag,441,true,0.6,64.3335,product_company,manufacturer,"Bröderna Hansson H-tryck AB specializes in high-quality printing services, indicating a product focus with potential for repeat business and scalability.",https://www.h-tryck.se,2026-03-25 15:36:09.189052+00:00
556574-6319,AQ ParkoPrint AB,443,true,0.6,64.2886,product_company,manufacturer,"AQ ParkoPrint AB is a global manufacturer of components for industrial customers, indicating a strong product focus with potential for scalability.",https://www.aqg.se,2026-03-25 15:36:09.189052+00:00
556671-1924,JustNu AB,447,true,0.6,64.2346,product_company,manufacturer,"JustNu AB is a leading printing chain in Sweden, indicating a product-led business with potential for repeat purchases and scalability.",https://www.justnu.se,2026-03-25 15:36:09.189052+00:00
556145-5246,Svarvmekano i Malmö Aktiebolag,477,true,0.6,63.9408,product_company,manufacturer,Svarvmekano i Malmö AB specializes in precision machining and offers various manufacturing services. Their focus on quality and modern technology indicates a product-led business model.,https://www.svarvmekano.se,2026-03-25 15:36:09.189052+00:00
556442-1484,Aktiebolaget Dalforsån,485,true,0.6,63.8902,product_company,manufacturer,"Aktiebolaget Dalforsån specializes in manufacturing rollers and heavy machinery components, indicating a product-led business model with potential for repeat purchases.",https://www.dalforsan.se,2026-03-25 15:36:09.189052+00:00
556123-9046,Götene Plast Aktiebolag,487,true,0.6,63.884,product_company,manufacturer,"Götene Plast AB is a leading company in injection molding, indicating a product-led business model with a focus on efficiency and quality.",https://goteneplast.se,2026-03-25 15:36:09.189052+00:00
556382-5198,Lövånger Elektronik Uppsala AB,389,true,0.55,61.8652,product_company,manufacturer,"Lövånger Elektronik Uppsala AB specializes in electronics production, indicating a solid product offering with potential for repeat business due to high quality and reliability.",https://www.leab.se,2026-03-25 15:36:09.189052+00:00
556586-2058,Älmhults Gjuteri AB,3,true,0.5,68.951,product_company,manufacturer,"Älmhults Gjuteri AB is involved in casting and processing, indicating a manufacturing focus with potential for repeat orders. However, being part of a larger group may dilute its standalone identity.",https://almhultsgjuteri.se,2026-03-25 15:36:09.189052+00:00
556285-0700,Jarl Sandin & Söner Guld och Silver Aktiebolag,319,true,0.5,59.6928,product_company,manufacturer,"Jarl Sandin & Söner is an established jeweler offering a range of jewelry and silver products, indicating a product-led business model. Their focus on quality and unique designs suggests differentiation and potential for repeat purchases.",https://jarlsandin.se,2026-03-25 15:36:09.189052+00:00
556215-1638,Fricweld Aktiebolag,322,true,0.5,59.6668,service_company,installer,"Fricweld specializes in friction welding services, indicating a niche service offering. Their focus on high-quality solutions tailored to customer needs suggests potential for repeat business, though it leans more towards service than product.",https://www.fricweld.se,2026-03-25 15:36:09.189052+00:00
556860-1057,VinnTer AB,390,true,0.5,58.8499,service_company,consultancy,"VinnTer AB provides consulting services in IoT and software development, indicating a service-heavy model with potential for repeat engagements, though less product-focused.",https://www.vinnter.se,2026-03-25 15:36:09.189052+00:00
556976-8640,Sylog Väst AB,11,false,0.4,40.6225,service_company,consultancy,"Sylog Väst AB operates as a consultancy focused on software development and digitalization, which does not align with Nivo's focus on product-led businesses. The service-heavy nature limits scalability and repeat purchase potential.",https://www.sylog.se,2026-03-25 15:36:09.189052+00:00
556575-1061,Creon promotion AB,12,false,0.4,40.6011,service_company,consultancy,"Creon promotion AB focuses on promotional products and customized workwear, indicating a service-oriented model. While they offer tailored solutions, the lack of a strong product focus limits their fit for Nivo.",https://www.creon.se,2026-03-25 15:36:09.189052+00:00
556229-4529,Anderstorp Hydraulik Aktiebolag,17,false,0.4,40.3092,service_company,installer,"Anderstorp Hydraulik provides hydraulic services and components, indicating a service-heavy model. However, the focus on installation and service limits its fit for Nivo.",https://anderstorphydraulik.se,2026-03-25 15:36:09.189052+00:00
556128-2251,Hallberg-Sekrom Fabriksaktiebolag,38,false,0.4,38.7441,service_company,consultancy,"Hallberg-Sekrom operates as a contract manufacturer with a focus on mechanical processing, indicating a service-heavy model that may not align with Nivo's criteria.",https://www.hsfgroup.com,2026-03-25 15:36:09.189052+00:00
556486-1747,Blekinge Pressgjuteri Aktiebolag,48,false,0.4,38.0495,service_company,manufacturer,"Blekinge Pressgjuteri operates as a contract manufacturer with a focus on customer satisfaction, indicating a service-heavy model that may not align with Nivo's criteria.",https://www.blekingeproal.com,2026-03-25 15:36:09.189052+00:00
556583-1822,Embriq AB,74,false,0.4,37.4832,service_company,consultancy,"Embriq AB provides IT services and consultancy, focusing on digital solutions for the energy sector. However, the presence of consultancy services and lack of clear product offerings limit its fit for Nivo.",https://www.embriq.se/,2026-03-25 15:36:09.189052+00:00
556654-0422,Digitalist Open Tech AB,75,false,0.4,37.4607,service_company,consultancy,"Digitalist Open Tech AB focuses on digital transformation and consultancy services, which may not align with Nivo's criteria for product-led businesses. The emphasis on consultancy limits its fit.",https://digitalist.se/,2026-03-25 15:36:09.189052+00:00
556650-7439,Höglands Logistik AB,76,false,0.4,37.3651,service_company,unknown,"Höglands Logistik AB offers logistics services, including transport and warehousing, but lacks a clear product focus. Its service-heavy model does not align well with Nivo's investment criteria.",https://www.hlogistik.se,2026-03-25 15:36:09.189052+00:00
556493-1656,Secor AB,81,false,0.4,37.2614,service_company,installer,"Secor AB is part of a larger group and focuses on the installation of doors, which is a service-heavy model. This limits its fit for Nivo as it lacks a strong product-led focus.",https://www.secor.se,2026-03-25 15:36:09.189052+00:00
556169-2699,Andrénverken AB,84,false,0.4,37.1553,service_company,installer,"Andrénverken AB provides metal processing and assembly services, which are service-heavy and do not align with Nivo's focus on product-led businesses. The lack of clear product offerings limits its fit.",https://www.andrenverken.se,2026-03-25 15:36:09.189052+00:00
556237-4826,BL-INTERIÖR Aktiebolag,91,false,0.4,37.0514,service_company,installer,"BL-INTERIÖR Aktiebolag is part of a group and focuses on flooring services, which are service-heavy and do not align with Nivo's investment criteria for product-led businesses.",https://www.blinterior.se,2026-03-25 15:36:09.189052+00:00
556974-3320,Knowit Ascend AB,157,false,0.4,35.7165,service_company,consultancy,"Knowit Ascend AB focuses on digitalization and sustainability, offering services in AI, cloud platforms, and cybersecurity. However, it primarily operates as a consultancy, which does not align with Nivo's investment criteria.",https://www.knowit.se,2026-03-25 15:36:09.189052+00:00
556876-6215,AB Vabon,166,false,0.4,35.5555,service_company,installer,"AB Vabon operates in the water and sewage sector, focusing on infrastructure projects. Its service-heavy and installation-focused model does not align with Nivo's investment strategy.",https://www.vabon.se,2026-03-25 15:36:09.189052+00:00
556624-2656,Vertech AB,211,false,0.4,34.6711,service_company,consultancy,"Vertech AB focuses on service and maintenance of industrial conveyor belts, which is service-heavy and does not align with Nivo's investment strategy.",https://www.vertech.se,2026-03-25 15:36:09.189052+00:00
556813-8886,Conoa AB,223,false,0.4,34.4867,service_company,consultancy,"Conoa AB provides IT consultancy services focused on cloud technologies, which does not fit Nivo's criteria for product-led businesses.",https://www.conoa.se,2026-03-25 15:36:09.189052+00:00
556500-7357,Söderströms Skog & Trädgård AB,231,false,0.4,34.3771,service_company,installer,"Söderströms Skog & Trädgård AB focuses on installations and services related to gardening and forestry, which does not align with Nivo's investment focus on product-led companies.",https://www.soderstroms.nu,2026-03-25 15:36:09.189052+00:00
556813-4059,Keeparo AB,249,false,0.4,34.089,service_company,unknown,"Keeparo AB operates as a full-service provider in talent management, which is primarily a service-oriented business. The focus on employer branding and talent attraction does not align with Nivo's investment criteria.",https://www.keeparo.se,2026-03-25 15:36:09.189052+00:00
559244-7113,Astrimant AB,283,false,0.4,33.7392,service_company,unknown,"Astrimant AB provides sustainable solutions in construction, indicating a service-heavy focus. The lack of clear product offerings limits their fit for Nivo.",https://www.astrimant.se,2026-03-25 15:36:09.189052+00:00
556675-2332,INAC Process AB,290,false,0.4,33.6358,service_company,unknown,"INAC Process AB focuses on electrical engineering services, which is service-heavy and lacks clear product differentiation, limiting its fit for Nivo.",https://www.inac.se,2026-03-25 15:36:09.189052+00:00
556606-1056,EMV Stainless AB,324,false,0.4,33.2461,service_company,installer,"EMV Stainless AB specializes in advanced welding and processing of stainless steel, indicating a product-led service model. However, the focus on installation and construction services limits its fit for Nivo.",https://emvholding.se,2026-03-25 15:36:09.189052+00:00
556487-7172,Reco Port Aktiebolag,328,false,0.4,33.2292,service_company,installer,"Reco Port specializes in manufacturing gates, which indicates a product focus, but the emphasis on custom installations suggests a service-heavy model that may not align with Nivo's criteria.",https://www.recoport.se,2026-03-25 15:36:09.189052+00:00
556914-6771,Proline Väst AB,336,false,0.4,33.1605,unknown,installer,"The company specializes in pipe renewal systems, indicating a niche market with potential for repeat business. However, the installation focus raises concerns about scalability and fit for Nivo.",https://www.proline-group.com,2026-03-25 15:36:09.189052+00:00
556564-3458,Thelin Data AB,353,false,0.4,33.0002,service_company,consultancy,"While Thelin Data offers IT products and services, the primary focus appears to be on consultancy, which does not align with Nivo's investment criteria. The evidence indicates a service-heavy model.",https://www.thelindata.se,2026-03-25 15:36:09.189052+00:00
559370-1971,SkyShowtime Nordics AB,444,false,0.4,31.8872,unknown,unknown,"SkyShowtime Nordics AB operates as a streaming service, which is a highly competitive and generic market with low differentiation and scalability potential for Nivo.",https://www.skyshowtime.com,2026-03-25 15:36:09.189052+00:00
556712-0232,Fröjd Interactive AB,450,false,0.4,31.8194,service_company,consultancy,"Fröjd Interactive AB operates as a digital agency, primarily offering consultancy services without clear product offerings or repeat purchase indicators.",https://www.frojd.se,2026-03-25 15:36:09.189052+00:00
556605-7476,Cyient Engineering AB,451,false,0.4,31.813,service_company,consultancy,"Cyient Engineering AB provides engineering services, indicating a service-heavy model with limited product offerings and scalability.",https://www.cyient.com,2026-03-25 15:36:09.189052+00:00
556623-2772,Galore i Uppsala Aktiebolag,101,false,0.35,36.4335,service_company,installer,"Galore i Uppsala Aktiebolag operates as an electrical installation company, which typically falls into a service-heavy category with low scalability and differentiation. Their focus on installations raises concerns about fit for Nivo.",https://www.galore.se,2026-03-25 15:36:09.189052+00:00
556311-5707,AV-Line Aktiebolag,282,false,0.35,33.2924,service_company,installer,"AV-Line focuses on installation and service solutions, which leans towards a service-heavy model. Their affiliation with Selatek indicates a group structure, reducing fit for Nivo.",https://www.av-line.se,2026-03-25 15:36:09.189052+00:00
556641-3711,RK Natursten AB,5,false,0.3,41.2602,service_company,installer,"RK Natursten AB primarily offers installation services for natural stone, which indicates a service-heavy model with low scalability and repeat purchase potential. Their focus on custom solutions suggests limited differentiation.",https://www.rk-natursten.se,2026-03-25 15:36:09.189052+00:00
556473-0801,APC Elinstallatören Aktiebolag,62,false,0.3,36.8302,service_company,installer,"APC Elinstallatören Aktiebolag primarily focuses on electrical installations and services, which leans towards a service-heavy model. Their affiliation with Instalco suggests they are part of a larger group, which diminishes their standalone fit for Nivo.",https://www.apcel.se/,2026-03-25 15:36:09.189052+00:00
556309-6253,Tinter Industriförsäljning AB,94,false,0.3,36.049,unknown,distributor,"Tinter Industriförsäljning AB primarily distributes paint and related products, lacking a strong product differentiation or innovative edge. Their status as part of Layer Group raises concerns about being a generic distributor.",https://www.tinter.se,2026-03-25 15:36:09.189052+00:00
556665-6442,EPG Projektledning AB,106,false,0.3,35.9263,service_company,consultancy,"EPG Projektledning AB operates in project management, which is a service-heavy sector with low scalability and differentiation. Their focus on consulting services does not align with Nivo's criteria.",https://www.epgprojektledning.se,2026-03-25 15:36:09.189052+00:00
559214-5717,Bright Networks AB,200,false,0.3,33.9949,service_company,installer,"Bright Networks AB operates as a full-service company in fiber networks, primarily focusing on installation and construction, which does not align with Nivo's investment criteria.",https://www.brightnetworks.se/,2026-03-25 15:36:09.189052+00:00
556317-9596,Fasadsystem i Stenkullen Aktiebolag,202,false,0.3,33.9556,service_company,installer,"Fasadsystem i Stenkullen Aktiebolag specializes in installation and construction of solar facades and custom solutions, which does not fit Nivo's investment focus.",https://fasadsystem.se,2026-03-25 15:36:09.189052+00:00
556998-1920,Vekst AB,213,false,0.3,33.7609,service_company,consultancy,"Vekst AB operates as a marketing and sales transformation partner, focusing on consultancy services which do not align with Nivo's investment criteria.",https://www.vekst.se,2026-03-25 15:36:09.189052+00:00
556999-4691,Parapix AB,219,false,0.3,33.6261,service_company,consultancy,"Parapix AB operates as a creative production company focusing on film and post-production services, which does not align with Nivo's investment criteria for product-led businesses.",https://parapix.tv,2026-03-25 15:36:09.189052+00:00
556400-7275,Eriksons Chark i Nossebro Aktiebolag,228,false,0.3,33.5366,product_company,manufacturer,"Eriksons Chark specializes in sausage and charcuterie production, which is a niche product but lacks scalability and broader market appeal for Nivo's criteria.",https://www.eriksonschark.se/,2026-03-25 15:36:09.189052+00:00
556858-5318,Qleano AB,245,false,0.3,33.2402,service_company,unknown,"Qleano AB operates as a cleaning service provider, which is generally considered a service-heavy business with low product differentiation. The focus on convenience and quality does not strongly align with Nivo's investment criteria.",https://www.qleano.se,2026-03-25 15:36:09.189052+00:00
556843-4061,Trygga Hiss i Stockholm AB,247,false,0.3,33.2061,service_company,installer,"Trygga Hiss i Stockholm AB provides installation and service for elevators, which is primarily a service-oriented business. The focus on installation and modernization does not align with Nivo's investment focus on product-led companies.",https://www.tryggahiss.se,2026-03-25 15:36:09.189052+00:00
556101-5230,Götaplatsens Foto AB,250,false,0.3,33.1859,service_company,unknown,"Götaplatsens Foto AB operates as a photography store, primarily providing services rather than products. The focus on photo services and retail does not align with Nivo's investment focus on product-led businesses.",https://www.gotaplatsensfoto.se,2026-03-25 15:36:09.189052+00:00
556414-4763,Autoklinik i Malmö Aktiebolag,285,false,0.3,32.8229,service_company,unknown,"Autoklinik i Malmö focuses on automotive glass repair services, which is a service-heavy model with limited product differentiation and scalability.",https://rydsbilglas.se,2026-03-25 15:36:09.189052+00:00
556748-1352,SWELIFT AB,295,false,0.3,32.681,service_company,installer,"SWELIFT focuses on maintenance and service for machinery, which suggests a service-heavy model with limited product differentiation. The emphasis on sustainability is noted, but the core offering appears to be service-oriented.",https://www.swelift.se,2026-03-25 15:36:09.189052+00:00
556957-7959,Åsens Projekt AB,299,false,0.3,32.64,service_company,installer,"Åsens Projekt is part of a group focused on installations, which suggests a service-heavy model. The emphasis on customer relationships and installation services indicates a less product-led approach.",https://asensgroup.se,2026-03-25 15:36:09.189052+00:00
556277-1468,J.N. Elinstallatörer Aktiebolag,303,false,0.3,32.5836,service_company,installer,"J.N. Elinstallatörer focuses on electrical installations and services, indicating a service-heavy model. The lack of product offerings limits its fit for Nivo.",https://jnel.se,2026-03-25 15:36:09.189052+00:00
556291-3557,Svetsprodukter i Piteå Aktiebolag,435,false,0.3,31.0653,unknown,unknown,"The company offers a wide range of products but lacks specificity in product differentiation or a clear business model, making it unsuitable for Nivo.",https://www.svetsprodukter.se,2026-03-25 15:36:09.189052+00:00
556692-9815,Wenderfalck Kommunikation AB,439,false,0.3,31.0449,service_company,consultancy,"Wenderfalck Kommunikation AB focuses on communication consultancy, which is service-heavy and lacks product differentiation, making it unsuitable for Nivo.",https://www.wenderfalck.com,2026-03-25 15:36:09.189052+00:00
559234-0623,Giants and Toys content providers AB,469,false,0.3,30.691,unknown,unknown,"Giants and Toys appears to be a production company focused on artistic projects, lacking clear product offerings or a scalable business model. The description is vague and does not indicate a strong fit for Nivo.",https://www.giantsandtoys.com,2026-03-25 15:36:09.189052+00:00
556207-2396,Sydskiffer Aktiebolag,85,false,0.25,35.7809,service_company,installer,"Sydskiffer Aktiebolag operates in the construction sector, focusing on renovation and restoration services. Its service-heavy model and lack of product focus limit its fit for Nivo.",https://www.sydskiffer.se,2026-03-25 15:36:09.189052+00:00
556099-9210,Falcks Omnibus AB,102,false,0.25,35.5161,service_company,unknown,"Falcks Omnibus AB is primarily a bus transportation service, which is service-heavy and lacks product differentiation. Their historical context does not indicate a scalable or innovative business model.",https://falcksomnibus.se,2026-03-25 15:36:09.189052+00:00
556812-4670,Turner & Townsend AB,112,false,0.25,35.2525,service_company,consultancy,"Turner & Townsend focuses on consultancy services for project delivery, which does not align with Nivo's criteria for product-led businesses. The description is generic and lacks specific product evidence.",https://www.turnerandtownsend.com,2026-03-25 15:36:09.189052+00:00
556607-8811,Bridgepoint AB,113,false,0.25,35.251,unknown,unknown,"Bridgepoint is described as a private equity investor, which does not fit the product-led criteria for Nivo. The information is vague and lacks specific product references.",https://www.bridgepoint.eu,2026-03-25 15:36:09.189052+00:00
559054-6692,Seafrigo Nordic AB,117,false,0.25,35.2039,service_company,unknown,"Seafrigo specializes in cold chain logistics, which is a service-oriented business model that does not align with Nivo's focus on product-led companies. The description lacks specific product evidence.",https://www.seafrigo.com,2026-03-25 15:36:09.189052+00:00
556747-4514,Widings Elektriska AB,119,false,0.25,35.1468,service_company,unknown,"Widings offers traditional Chinese medicine and acupuncture services, which are service-heavy and do not fit the product-led criteria for Nivo. The description is generic and lacks product evidence.",https://www.widings.se,2026-03-25 15:36:09.189052+00:00
556458-6872,Ventab Styr Aktiebolag,126,false,0.25,35.0674,service_company,installer,"The company focuses on ventilation and installation services, which suggests a service-heavy model without clear product differentiation. The description lacks evidence of repeat purchases or scalable business models.",https://www.ventab.se,2026-03-25 15:36:09.189052+00:00
556500-9072,Carlbergs i Göteborg AB,132,false,0.25,34.844,service_company,installer,"The company primarily engages in construction and installation services, which indicates a service-heavy model without clear product differentiation or repeat purchase potential.",https://www.carlbergs.se,2026-03-25 15:36:09.189052+00:00
556476-2093,Draken i Reftele Aktiebolag,141,false,0.25,34.6176,unknown,unknown,"The excerpt does not provide clear information about the company's operations or products, leading to uncertainty about its fit for Nivo.",https://www.qosina.com,2026-03-25 15:36:09.189052+00:00
559057-7507,Advisera AB,142,false,0.25,34.6004,service_company,consultancy,"The company primarily offers consultancy services in telecommunications and insurance, lacking identifiable products or a scalable business model.",https://www.advisera.se,2026-03-25 15:36:09.189052+00:00
559011-7155,Socionomkraft AB,143,false,0.25,34.5825,service_company,consultancy,"The company provides consultancy services for social services, which does not align with Nivo's focus on product-led businesses.",https://www.socionomkraft.se,2026-03-25 15:36:09.189052+00:00
559002-3213,Incluso AB,149,false,0.25,34.459,service_company,consultancy,"Incluso AB focuses on recruitment and consultancy services, lacking a product-led business model.",https://www.incluso.se,2026-03-25 15:36:09.189052+00:00
556663-5792,Södra Århults Torv Aktiebolag,151,false,0.25,34.4249,unknown,unknown,The company develops peat products but lacks clarity on product differentiation or a scalable business model.,https://www.sodraarhultstorv.se,2026-03-25 15:36:09.189052+00:00
556724-6623,DM TAK AB,154,false,0.25,34.3934,service_company,installer,"DM TAK AB primarily offers roofing services, which are installation-focused and do not align with Nivo's investment criteria.",https://www.dmtak.se,2026-03-25 15:36:09.189052+00:00
556716-7704,NA Schakt AB,155,false,0.25,34.3879,service_company,installer,"NA Schakt AB specializes in excavation services, which are installation-based and do not fit Nivo's focus on product-led businesses.",https://www.naschakt.se,2026-03-25 15:36:09.189052+00:00
556526-8421,Mönsterås Bostäder AB,173,false,0.25,33.9348,service_company,unknown,"Mönsterås Bostäder AB is a municipal housing company focused on residential properties, which does not align with Nivo's investment criteria for product-led businesses.",https://www.monsterasbostader.se,2026-03-25 15:36:09.189052+00:00
556534-0014,Netnod AB,179,false,0.25,33.8694,service_company,unknown,"Netnod AB is a non-profit organization focused on internet services, which does not align with Nivo's criteria for product-led businesses.",https://www.netnod.se,2026-03-25 15:36:09.189052+00:00
556436-7067,Örebro Bildemontering Aktiebolag,182,false,0.25,33.8109,service_company,unknown,"Örebro Bildemontering AB is focused on selling used car parts, which does not align with Nivo's investment criteria for product-led businesses.",https://www.orebrobildemo.se,2026-03-25 15:36:09.189052+00:00
556762-3318,Lybab AB,197,false,0.25,33.6149,service_company,unknown,"Lybab AB operates in construction and related services, which does not align with Nivo's investment criteria for product-led businesses.",https://lybab.se,2026-03-25 15:36:09.189052+00:00
556832-9790,Remotion AB,232,false,0.25,32.9995,service_company,consultancy,"The company appears to be primarily a consultancy focused on marketing strategies, lacking identifiable products or a scalable business model.",https://www.remotion.se,2026-03-25 15:36:09.189052+00:00
556993-6684,Elovent AB,236,false,0.25,32.9277,service_company,installer,"Elovent appears to be primarily focused on electrical services and installations, lacking a distinct product offering or scalable model.",https://www.elovent.se,2026-03-25 15:36:09.189052+00:00
556289-7164,Malthe Winje Automation AB,239,false,0.25,32.8809,service_company,installer,"Malthe Winje Automation focuses on marketing automation and installation products, suggesting a service-heavy model without clear product differentiation.",https://www.mwa.se,2026-03-25 15:36:09.189052+00:00
556318-6385,Maskin-Mekano Försäljnings Aktiebolag,241,false,0.25,32.857,service_company,installer,"Maskin-Mekano focuses on providing equipment to the construction industry, indicating a service-heavy and installation-focused business model.",https://www.maskinmekano.se,2026-03-25 15:36:09.189052+00:00
556578-0250,C. Gustafsson Livs Aktiebolag,251,false,0.25,32.7214,service_company,unknown,"The company operates a supermarket, which is a service-heavy business with low differentiation. There is no evidence of a product-led model or repeat purchase indicators beyond typical grocery sales.",https://www.ica.se/butiker/supermarket/hallefors/c-gustafsson-livs-ab-ica-supermarket-hallefors-1090/,2026-03-25 15:36:09.189052+00:00
556464-0497,Ventilationsprojekt i Nyköping AB,273,false,0.25,32.5138,service_company,consultancy,"The company primarily offers contracting and consultancy services in ventilation, which lacks a strong product focus and is heavily service-oriented with low scalability.",https://www.ventilationsprojekt.se,2026-03-25 15:36:09.189052+00:00
556471-7477,TP Mur & Puts Aktiebolag,274,false,0.25,32.5094,service_company,installer,"The company focuses on masonry and facade work, which is service-heavy and lacks a clear product-led model, indicating low scalability and differentiation.",https://www.tpmurputs.se,2026-03-25 15:36:09.189052+00:00
556257-8020,CA consultadministration AB,296,false,0.25,32.2253,service_company,consultancy,"CA consultadministration operates as a non-profit organization focused on circular economy, which indicates a consultancy model. The lack of identifiable products or services limits its fit for Nivo.",https://www.ca.se,2026-03-25 15:36:09.189052+00:00
556921-4058,Archus Affärsutveckling & Projektledning AB,301,false,0.25,32.1714,service_company,consultancy,"Archus operates as a consultancy and advisory firm, which typically does not fit the product-led criteria for Nivo. The focus on guiding projects from concept to completion lacks identifiable products.",https://archus.se,2026-03-25 15:36:09.189052+00:00
556402-1003,Wanås Gods Aktiebolag,318,false,0.25,31.9533,unknown,unknown,"Wanås Gods operates a large organic farm, which does not align with Nivo's focus on product-led businesses. The description lacks evidence of a scalable or differentiated product offering.",https://wanas.se,2026-03-25 15:36:09.189052+00:00
556313-2058,Ljung & Sjöberg Aktiebolag,321,false,0.25,31.919,service_company,consultancy,"Ljung & Sjöberg specializes in workplace alcohol and drug problem management, which aligns more with consultancy services than product-led businesses. The focus on training and policy development lacks evidence of scalability or repeat purchases.",https://www.ljungsjoberg.se,2026-03-25 15:36:09.189052+00:00
556367-4067,AluFlex AB,323,false,0.25,31.9143,unknown,unknown,"The excerpt describes Indutrade as a large international group with over 220 companies, indicating that AluFlex AB may be a subsidiary. There is no specific information about AluFlex's products or services.",https://www.indutrade.com,2026-03-25 15:36:09.189052+00:00
556675-3496,Muskövarvet AB,329,false,0.25,31.8605,service_company,installer,"Muskövarvet AB is a repair and maintenance yard for ships and boats, indicating a service-heavy model focused on installation and repairs, which does not fit Nivo's investment criteria.",https://www.muskovarvet.se,2026-03-25 15:36:09.189052+00:00
556495-5986,F:a GREFS AB,331,false,0.25,31.8253,service_company,installer,"GREFS offers full-service contracting and transport, indicating a service-heavy model focused on installation, which does not align with Nivo's investment focus.",https://www.grefs.se,2026-03-25 15:36:09.189052+00:00
556875-2199,Axelssons i Aby AB,333,false,0.25,31.8165,service_company,unknown,"Axelssons i Aby AB operates as a farm shop and offers various services, indicating a hospitality and retail focus that does not align with Nivo's investment criteria.",https://www.axelssonsiaby.se,2026-03-25 15:36:09.189052+00:00
559256-8108,Nova Park AB,334,false,0.25,31.8137,service_company,unknown,"Nova Park AB operates as a conference facility with hospitality services, indicating a service-heavy model that does not fit Nivo's investment focus.",https://www.novapark.se,2026-03-25 15:36:09.189052+00:00
559030-4530,Wisest AB,335,false,0.25,31.8134,service_company,consultancy,"The company provides a wide range of services including IT solutions and office furnishings, but lacks a clear product focus or differentiation. Evidence suggests a service-heavy model with low repeat purchase potential.",https://www.wisest.se,2026-03-25 15:36:09.189052+00:00
556940-3388,Exellent Syd AB,343,false,0.25,31.7634,service_company,installer,"The company provides workshop services and equipment rental, indicating a service-heavy model with low differentiation and repeat purchase potential.",https://www.exellentsyd.se,2026-03-25 15:36:09.189052+00:00
556742-2018,L & A Falks Lantbruksmaskiner AB,345,false,0.25,31.7221,service_company,installer,"The company focuses on heavy machinery and construction services, indicating a service-heavy model with low differentiation and repeat purchase potential.",https://www.falks.se,2026-03-25 15:36:09.189052+00:00
556822-1195,Boardtalk AB,349,false,0.25,31.69,service_company,consultancy,"The company specializes in recruitment and consulting solutions, which are service-heavy and do not align with Nivo's focus on product-led businesses. The evidence suggests a consultancy model without identifiable products.",https://www.boardtalk.se,2026-03-25 15:36:09.189052+00:00
556337-1375,Sandéns Golv i Helsingborg Aktiebolag,356,false,0.25,31.6009,service_company,installer,"The company specializes in flooring sales and installation, which is primarily service-oriented and does not align with Nivo's focus on product-led businesses. The evidence indicates a service-heavy model.",https://www.sandensgolv.se,2026-03-25 15:36:09.189052+00:00
556369-9817,INSU AB,364,false,0.25,31.5337,service_company,consultancy,"INSU focuses on training and education in the installation industry, which is service-heavy and does not align with Nivo's investment criteria. The evidence suggests a consultancy model without identifiable products.",https://www.insu.se,2026-03-25 15:36:09.189052+00:00
556750-2561,Installera SW AB,401,false,0.25,30.9974,service_company,installer,"The company focuses on electrical installations and project execution, which indicates a service-heavy model. There is no evidence of a product-led or differentiated business model.",https://www.installerael.se/,2026-03-25 15:36:09.189052+00:00
556694-5878,Elinzity AB,402,false,0.25,30.993,service_company,installer,"Elinzity AB provides electrical installation services, indicating a service-heavy business model without clear product differentiation.",https://www.elinzity.se/,2026-03-25 15:36:09.189052+00:00
559374-3510,EVLI AB,410,false,0.25,30.9382,service_company,unknown,"Evli AB is a capital management firm, which does not fit the product-led criteria for Nivo and lacks evidence of a differentiated product offering.",https://www.evli.com/,2026-03-25 15:36:09.189052+00:00
556893-4508,Sandbäckens Sprinkler Mitt AB,413,false,0.25,30.9275,service_company,installer,"Sandbäckens Sprinkler Mitt AB focuses on fire protection services, indicating a service-heavy model without clear product differentiation.",https://www.sandbackens.se/,2026-03-25 15:36:09.189052+00:00
556684-1853,Skandinaviska Områdesskydd AB,414,false,0.25,30.8959,service_company,installer,"Skandinaviska Områdesskydd AB operates as a contractor for area protection, indicating a service-heavy model without clear product differentiation.",https://www.skandinaviska.nu/,2026-03-25 15:36:09.189052+00:00
556701-2587,Din Bostad i Stockholm AB,418,false,0.25,30.8586,unknown,unknown,"Din Bostad i Stockholm AB is a platform for housing search, which lacks evidence of a product-led or differentiated business model.",https://www.dinbostad.se/,2026-03-25 15:36:09.189052+00:00
556738-0315,Aon Assessment (Sweden) AB,421,false,0.25,30.8423,service_company,consultancy,"Aon Assessment (Sweden) AB is part of a larger global company focused on risk management and human capital services, which does not align with Nivo's investment criteria for product-led businesses.",https://assessment.aon.com/,2026-03-25 15:36:09.189052+00:00
556042-9549,Kristianstads Automobil Lastvagnar AB,433,false,0.25,30.678,service_company,unknown,"Kristianstads Automobil Lastvagnar AB is now part of a larger group, Bilmånsson, indicating a lack of distinct product focus and alignment with Nivo's investment criteria.",https://www.kristianstadsautomobil.se,2026-03-25 15:36:09.189052+00:00
556744-7031,Seacastle AB,437,false,0.25,30.6078,service_company,consultancy,"Seacastle AB operates as a boat broker, which is primarily a service-oriented business with limited product offerings and scalability, making it less suitable for Nivo.",https://www.seacastle.se,2026-03-25 15:36:09.189052+00:00
556442-2755,Lindås Gräv Aktiebolag,445,false,0.25,30.5251,service_company,installer,The company appears to focus on construction and installation services without clear product offerings or repeat purchase indicators.,https://www.lindasgrav.se,2026-03-25 15:36:09.189052+00:00
556641-7357,RISE Processum AB,448,false,0.25,30.4748,service_company,consultancy,"The company focuses on consultancy and development in bioeconomy, lacking clear product offerings or repeat purchase potential.",https://www.processum.se,2026-03-25 15:36:09.189052+00:00
556337-2761,Röchling Industrial Virserum AB,454,false,0.25,30.4485,unknown,unknown,"As a part of a larger group, Röchling Industrial Virserum AB lacks clear identity and product offerings, making it difficult to assess fit for Nivo.",https://www.roechling.com,2026-03-25 15:36:09.189052+00:00
556495-0557,Kumla Tak Aktiebolag,475,false,0.25,30.2023,service_company,installer,"Kumla Tak Aktiebolag operates in the construction sector focusing on roofing, which is a service-heavy business with low scalability and repeat purchase potential. The description indicates installation work without product ownership.",https://www.kumlatak.se,2026-03-25 15:36:09.189052+00:00
556750-2777,Hushållningssällskapets Kompetensutveckling i Syd AB (HUSKAB),478,false,0.25,30.1864,service_company,consultancy,"HUSKAB provides consultancy and training services in agriculture and rural development, which does not align with Nivo's focus on product-led businesses.",https://hushallningssallskapet.se,2026-03-25 15:36:09.189052+00:00
556613-2295,Br. Göransson AB,488,false,0.25,30.1267,service_company,installer,"Br. Göransson AB primarily offers agricultural services and transport, which does not align with Nivo's focus on product-led businesses.",https://www.brgoransson.se,2026-03-25 15:36:09.189052+00:00
559036-6729,Gronko AB,499,false,0.25,29.9986,service_company,unknown,"Gronko AB operates a café and market, which does not fit Nivo's criteria for product-led businesses.",https://www.gronko.se,2026-03-25 15:36:09.189052+00:00
